Phase,Activity,Category,Total,Correct,Wrong,% Correct,% Wrong,Avg Time
Εμπλοκή μαθητών,Activity 1,Low,174,0,174,0.0,100.0,53.1
Εμπλοκή μαθητών,Activity 1,Moderate,480,229,251,47.7,52.3,51.1
Εμπλοκή μαθητών,Activity 1,High,103,53,50,51.5,48.5,50.9
Εμπλοκή μαθητών,Activity 2,Low,156,0,156,0.0,100.0,32.1
Εμπλοκή μαθητών,Activity 2,Moderate,480,337,143,70.2,29.8,34.8
Εμπλοκή μαθητών,Activity 2,High,103,103,0,100.0,0.0,32.1
Εμπλοκή μαθητών,Activity 3,Low,156,0,156,0.0,100.0,16.1
Εμπλοκή μαθητών,Activity 3,Moderate,478,72,406,15.1,84.9,23.1
Εμπλοκή μαθητών,Activity 3,High,103,103,0,100.0,0.0,31.0
Εμπλοκή μαθητών,Activity 1 α,Low,128,86,42,67.2,32.8,32.1
Εμπλοκή μαθητών,Activity 1 α,Moderate,223,146,77,65.5,34.5,27.4
Εμπλοκή μαθητών,Activity 1 α,High,49,35,14,71.4,28.6,29.8
Εμπλοκή μαθητών,Activity 1 β,Low,125,41,84,32.8,67.2,49.5
Εμπλοκή μαθητών,Activity 1 β,Moderate,223,92,131,41.3,58.7,38.8
Εμπλοκή μαθητών,Activity 1 β,High,49,22,27,44.9,55.1,36.8
Υπόθεση,Activity 5,Low,161,0,161,0.0,100.0,17.7
Υπόθεση,Activity 5,High,169,169,0,100.0,0.0,18.0
Υπόθεση,Activity 5,Moderate,281,84,197,29.9,70.1,23.5
Υπόθεση,Activity 5 α,Low,222,88,134,39.6,60.4,32.6
Υπόθεση,Activity 5 β,Low,220,81,139,36.8,63.2,23.6
Υπόθεση,Activity 4,Low,163,0,163,0.0,100.0,24.4
Υπόθεση,Activity 4,High,169,169,0,100.0,0.0,24.2
Υπόθεση,Activity 4,Moderate,282,198,84,70.2,29.8,24.0
Πείραμα,Activity 7,Moderate,289,71,218,24.6,75.4,22.4
Πείραμα,Activity 7,High,204,204,0,100.0,0.0,25.7
Πείραμα,Activity 7,Low,115,0,115,0.0,100.0,24.2
Πείραμα,Activity 6,Moderate,304,117,187,38.5,61.5,33.4
Πείραμα,Activity 6,Low,142,0,142,0.0,100.0,33.1
Πείραμα,Activity 6,High,204,94,110,46.1,53.9,39.7
Αναστοχασμός,Activity 8,High,194,75,119,38.7,61.3,37.5
Αναστοχασμός,Activity 8,Low,80,21,59,26.2,73.8,28.7
Αναστοχασμός,Activity 8,Moderate,262,74,188,28.2,71.8,30.4
Αναστοχασμός,Activity 10,High,194,152,42,78.4,21.6,26.5
Αναστοχασμός,Activity 10,Low,89,17,72,19.1,80.9,19.2
Αναστοχασμός,Activity 10,Moderate,285,158,127,55.4,44.6,22.6
Αναστοχασμός,Activity 11,High,194,194,0,100.0,0.0,21.2
Αναστοχασμός,Activity 11,Low,83,12,71,14.5,85.5,17.5
Αναστοχασμός,Activity 11,Moderate,283,138,145,48.8,51.2,19.1
Αναστοχασμός,Εξάρτηση περιόδου από μάζα,High,194,194,0,100.0,0.0,21.7
Αναστοχασμός,Εξάρτηση περιόδου από μάζα,Moderate,255,153,102,60.0,40.0,17.6
Αναστοχασμός,Εξάρτηση περιόδου από μάζα,Low,51,8,43,15.7,84.3,17.7
